BBG;YAHOO
AESGENER CC;AESGENER.SN
AGUAS/A CC;AGUAS-A.SN
ANDINAB CC;ANDINA-B.SN
BCI CC;BCI.SN
BSAN CC;BSANTANDER.SN
CAP CC;CAP.SN
CC; CC CCU.SN
CENCOSUD CC;CENCOSUD.SN
CHILE CC;CHILE.SN
CMPC CC;CMPC.SN
COLBUN CC;COLBUN.SN
CONCHA CC;CONCHATORO.SN
COPEC CC;COPEC.SN
ECL CC;ECL.SN
ENELAM CC;ENELAM.SN
ENELCHIL CC;ENELCHILE.SN
ENTEL CC;ENTEL.SN
FALAB CC;FALABELLA.SN
IAM CC;IAM.SN
ILC CC;ILC.SN
ITAUCORP CC;ITAUCORP.SN
LTM CC;LTM.SN
MALLPLAZ CC;MALLPLAZA.SN
PARAUCO CC;PARAUCO.SN
RIPLEY CC;RIPLEY.SN
SALFACOR CC;SALFACORP.SN
SECUR CC;SECURITY.SN
SONDA CC;SONDA.SN
SQM/B CC;SQM-B.SN
VAPORES CC;VAPORES.SN